"No","NameEN","NameCN","HasPhoto","File"
"1","Fanyuan Meng","","True","001_Fanyuan Meng__fanyuan-meng.jpg"
"2","Charlene Yunli Fan, PT, PhD, BSc","","True","002_Charlene Yunli Fan, PT, PhD, BSc__Charlene-Yunli-Fan.png"
"3","Zhuoman Xu","","True","003_Zhuoman Xu__Zhuoman-Xu.jpg"
"4","Rong He","","True","004_Rong He__Rong-He.jpg"
"5","Xinyu Wang","","False",""
"6","Duolikun Piluore","","False",""
"7","Li Gaoqiang","李高强","True","007_Li Gaoqiang 李高强__Qiang-Li.png"
"8","Xiaolei Sun","孙晓蕾","True","008_Xiaolei Sun 孙晓蕾__Xiaolei-Sun.jpg"
"9","Chunnan Wang","王春南","True","009_Chunnan Wang 王春南__Chunnan-Wang.jpg"
"10","LuYu Yu","于露雨","True","010_LuYu Yu 于露雨__LuYu-Yu.jpg"
"11","Peng Zhao","赵鹏","True","011_Peng Zhao 赵鹏__Peng-Zhao.jpg"
"12","YuXin Zhang","张宇欣","True","012_YuXin Zhang 张宇欣__Yu-Xin-Zhang.jpg"
"13","Nan Jiang","江楠","True","013_Nan Jiang 江楠__Nan-Jiang.jpg"
"14","Jungang Feng","冯俊钢","True","014_Jungang Feng 冯俊钢__Jungang-Feng.jpg"
"15","Zhude Liu","刘铸德","True","015_Zhude Liu 刘铸德__Zhude-Liu.jpg"
"16","Zhen Quan","全震","True","016_Zhen Quan 全震__Zhen-Quan.jpg"
"17","Jinhua Zhai","翟金华","True","017_Jinhua Zhai 翟金华__Jinhua-Zhai.jpg"
"18","Qinfeng Wu","吴勤峰","True","018_Qinfeng Wu 吴勤峰__Qinfeng-Wu.jpg"
"19","Jiahuan Wu","吴佳欢","True","019_Jiahuan Wu 吴佳欢__Jiahuan-Wu.jpg"
"20","Chaoyang Duan","段朝阳","True","020_Chaoyang Duan 段朝阳__Chao-Yang-Duan.jpg"
"21","Ze Li","李泽","True","021_Ze Li 李泽__Ze-Li.jpg"
"22","Jinbo Chen","陈锦博","True","022_Jinbo Chen 陈锦博__Jin-Bo-Chen.jpg"
"23","Mingyue Tan","谭茗月","True","023_Mingyue Tan 谭茗月__Ming-Yue-Tan.jpg"
"24","Ruiyun Zhao","赵瑞云","True","024_Ruiyun Zhao 赵瑞云__Zhao-Rui-Yun.jpg"
"25","Yan Wang","王艳","True","025_Yan Wang 王艳__14259.jpg"
"26","Xuguang Liu","刘叙光","True","026_Xuguang Liu 刘叙光__Xuguang-Liu.jpg"
"27","Zheng Yuan","袁正","True","027_Zheng Yuan 袁正__YUAN-ZHENG.png"
"28","Xu Gao","高旭","True","028_Xu Gao 高旭__Xu-Gao.png"
"29","Lei Yue","岳雷","True","029_Lei Yue 岳雷__Lei-Yue.png"
"30","Guo Long Tao","陶国龙","False",""
"31","Haili Ai","","True","031_Haili Ai__Haili-Ai.jpg"
"32","Shuxin Zhang","","True","032_Shuxin Zhang__Shuxin-Zhang.jpg"
"33","Miaoxiu Li","","True","033_Miaoxiu Li__Miaoxiu-Li.jpg"
"34","Xu Jin","","True","034_Xu Jin__Xu-Jin.jpg"
"35","Ying Wu","","True","035_Ying Wu__Ying-Wu.jpg"
"36","Chunlei Zhu","","True","036_Chunlei Zhu__Chunlei-Zhu.jpg"
"37","Dandan Yang","","True","037_Dandan Yang__Dandan-Yang.jpg"
"38","Shitian Liu","","True","038_Shitian Liu__Shitian-Liu.jpg"
"39","Shugeng Chen","","True","039_Shugeng Chen__Shugeng-Chen.jpg"
"40","Mingjian Xu","","True","040_Mingjian Xu__Mingjian-Xu.jpg"
"41","Weilong Li","李伟龙","True","041_Weilong Li 李伟龙__Weilong-Li.jpg"
"42","Xiao Feng","冯骁","True","042_Xiao Feng 冯骁__Xiao-Feng.png"
"43","Xiyao Liu","刘茜瑶","True","043_Xiyao Liu 刘茜瑶__Xiyao-Liu.png"
"44","Xin Zhao","赵鑫","True","044_Xin Zhao 赵鑫__Xin-Zhao.jpg"
"45","Xinwen Liang","梁馨文","True","045_Xinwen Liang 梁馨文__Xinwen-Liang.jpg"
"46","Ying Zhang","张颖","True","046_Ying Zhang 张颖__Ying-Zhang.jpg"
"47","Wenqing Hu","胡文清","True","047_Wenqing Hu 胡文清__Wenqing-Hu.jpg"
"48","Mei Han","韩美","True","048_Mei Han 韩美__Mei-Han.png"
"49","Jie Liu","刘杰","True","049_Jie Liu 刘杰__JieLiu.jpg"
"50","Huating Deng","邓华霆","True","050_Huating Deng 邓华霆__Huating-Deng.jpg"
"51","Huirong Yuan","原慧蓉","True","051_Huirong Yuan 原慧蓉__Huirong-Yuan.png"
"52","Qiaoping Tang","唐巧萍","True","052_Qiaoping Tang 唐巧萍__Qiaoping-Tang.jpg"
"53","Xiaoqiang Zhou","周晓强","True","053_Xiaoqiang Zhou 周晓强__Xiaoqiang-Zhou.jpg"
"54","Liangbo Du","杜良波","True","054_Liangbo Du 杜良波__Liangbo-Du.jpg"
"55","Wenya Luo","罗文雅","True","055_Wenya Luo 罗文雅__Wenya-Luo.jpg"
"56","Chuanwei Lu","卢传伟","True","056_Chuanwei Lu 卢传伟__ChuanWe-Lu.jpg"
"57","Wei Guo","郭巍","True","057_Wei Guo 郭巍__Wei-Guo.jpg"
"58","Rui Wang","汪锐","True","058_Rui Wang 汪锐__Rui-Wang.png"
"59","Kun Han","韩坤","True","059_Kun Han 韩坤__Kun-Han.png"
"60","Taojie Jin","金涛杰","True","060_Taojie Jin 金涛杰__Taojie-Jin.png"
"61","Yichuan Tang","汤一川","True","061_Yichuan Tang 汤一川__Yichuan-Tang.png"
"62","Huilan Tang","唐惠兰","True","062_Huilan Tang 唐惠兰__Huilan-Tang.png"
"63","Yi Zhao","赵毅","True","063_Yi Zhao 赵毅__Yi-Zhao.png"
"64","Gumeng Ye","叶谷萌","True","064_Gumeng Ye 叶谷萌__Gumeng-Ye.png"
"65","Fan Shen","沈凡","True","065_Fan Shen 沈凡__Fan-Shen.png"
"66","Chang Wang","王畅","True","066_Chang Wang 王畅__Chang-Wang.png"
"67","Hanzhi Feng","冯涵之","True","067_Hanzhi Feng 冯涵之__Hanzhi-Feng.png"
"68","Shuai Ma","马帅","True","068_Shuai Ma 马帅__Shuai-Ma.png"
"69","Chan Kei Lam","","True","069_Chan Kei Lam__chan-kei-lam.jpg"
"70","Zhiyong Hu","胡志勇","True","070_Zhiyong Hu 胡志勇__Zhiyong-Hu.jpg"
"71","Xi Rong","宋茜","True","071_Xi Rong 宋茜__Xi-Rong.jpg"
"72","Yang Lin","林扬","True","072_Yang Lin 林扬__Yang-Lin.jpg"
"73","Hailan Li","黎海兰","True","073_Hailan Li 黎海兰__Hailan-Li.jpg"
"74","Yuqing Han","韩雨晴","True","074_Yuqing Han 韩雨晴__Yuqing-Han.jpg"
"75","Hui Fang","方惠","True","075_Hui Fang 方惠__Hui-Fang.jpg"
"76","Zhenwei Zhang","张真维","True","076_Zhenwei Zhang 张真维__zhenwei-zhang.jpg"
"77","Shunfeng Pang","庞舜风","True","077_Shunfeng Pang 庞舜风__shunfeng-pang.jpg"
"78","Yuling Li","李宇凌","True","078_Yuling Li 李宇凌__yuling-li.png"
"79","Shihui Wang","王世辉","True","079_Shihui Wang 王世辉__shihui-wang.png"
"80","Jianjun Ma","马建军","True","080_Jianjun Ma 马建军__jianjun-ma.png"
"81","Yubing Gong","巩玉冰","True","081_Yubing Gong 巩玉冰__yubing-gong.png"
"82","Changzhi Yu","于长志","True","082_Changzhi Yu 于长志__changzhi-yu.jpg"
"83","Jiaqi Xue","薛佳奇","True","083_Jiaqi Xue 薛佳奇__jiaqi-xue.png"
"84","Hang Cheong Chan","陳亨昌","True","084_Hang Cheong Chan 陳亨昌__hang-cheong-chan.jpg"
"85","Xinya Guo","郭馨雅","True","085_Xinya Guo 郭馨雅__xinya-guo.jpg"
"86","Huiping He","何慧平","True","086_Huiping He 何慧平__huiping-he.png"
"87","Jia Liu","刘佳","True","087_Jia Liu 刘佳__jia-liu.png"
"88","Fengshuo Guo","郭丰硕","True","088_Fengshuo Guo 郭丰硕__fengshuo-guo.png"
"89","Zhiqian Zhou","周治乾","True","089_Zhiqian Zhou 周治乾__zhiqian-zhou.png"
"90","Wei Zhu","祝威","True","090_Wei Zhu 祝威__wei-zhu.jpg"
"91","Xiulan Zhang","张秀兰","True","091_Xiulan Zhang 张秀兰__xiulan-zhang.jpg"
"92","Shun Zhang","张顺","True","092_Shun Zhang 张顺__shun-zhang.jpg"
"93","Dongqin Chen","陈东琴","True","093_Dongqin Chen 陈东琴__dongqin-chen.jpg"
"94","Chuting Wang","王楚婷","True","094_Chuting Wang 王楚婷__chuting-wang.jpg"
"95","Muchun Yu","余木春","True","095_Muchun Yu 余木春__muchun-yu.jpg"
"96","Yuanyan Peng","彭远艳","True","096_Yuanyan Peng 彭远艳__yuanyan-peng.jpg"
"97","Chenxi Wang","王晨曦","True","097_Chenxi Wang 王晨曦__chenxi-wang.jpg"
"98","Haifeng Yang","杨海凤","True","098_Haifeng Yang 杨海凤__haifeng-yang.jpg"
"99","Baoyu Yuan","苑宝雨","True","099_Baoyu Yuan 苑宝雨__baoyu-yuan.jpg"
"100","Fei Yu","鱼飞","True","100_Fei Yu 鱼飞__fei-yu.jpg"
"101","Zeqin Li","李泽芹","True","101_Zeqin Li 李泽芹__zeqin-li.jpg"
"102","Qian Liu","刘倩","True","102_Qian Liu 刘倩__qian-liu.jpg"
"103","Pingping Qin","覃萍萍","True","103_Pingping Qin 覃萍萍__pingping-qin.jpg"
"104","Xin Yu","喻新","True","104_Xin Yu 喻新__xin-yu.jpg"
"105","Jinghua Du","杜京桦","True","105_Jinghua Du 杜京桦__jinghua-du.jpg"
"106","Haohao Hu","胡浩浩","True","106_Haohao Hu 胡浩浩__haohao-hu.jpg"
"107","Yu Liu","刘雨","True","107_Yu Liu 刘雨__yu-liu.jpg"
"108","Shutong Xie","解树彤","True","108_Shutong Xie 解树彤__shutong-xie.jpg"
"109","Chunping Yan","颜春平","True","109_Chunping Yan 颜春平__chunping-yan.jpg"
"110","Xiangji Zhang","张祥吉","True","110_Xiangji Zhang 张祥吉__xiangji-zhang.jpg"
"111","Yiqing Zhao","赵艺晴","True","111_Yiqing Zhao 赵艺晴__yiqing-zhao.jpg"
"112","Shang Yuan","袁尚","True","112_Shang Yuan 袁尚__shang-yuan.jpg"
