类别,ISST ID,姓名,OSS URL
明确确定,CHN10243,Fanyuan Meng,https://isst-website.oss-cn-beijing.aliyuncs.com/therapists/Fanyuan_Meng_CHN10243.jpg
明确确定,CHN10258,Rong He,https://isst-website.oss-cn-beijing.aliyuncs.com/therapists/Rong_He_CHN10258.jpg
明确确定,CHN13421,Li Gaoqiang 李高强,https://isst-website.oss-cn-beijing.aliyuncs.com/therapists/Li_Gaoqiang_CHN13421.jpg
明确确定,CHN13742,Xiaolei Sun 孙晓蕾,https://isst-website.oss-cn-beijing.aliyuncs.com/therapists/Xiaolei_Sun_CHN13742.jpg
明确确定,CHN13746,Chunnan Wang 王春南,https://isst-website.oss-cn-beijing.aliyuncs.com/therapists/Chunnan_Wang_CHN13746.jpg
明确确定,CHN14242,LuYu Yu 于露雨,https://isst-website.oss-cn-beijing.aliyuncs.com/therapists/LuYu_Yu_CHN14242.jpg
明确确定,CHN14243,Peng Zhao  赵鹏,https://isst-website.oss-cn-beijing.aliyuncs.com/therapists/Peng_Zhao_CHN14243.jpg
明确确定,CHN14244,YuXin Zhang 张宇欣,https://isst-website.oss-cn-beijing.aliyuncs.com/therapists/YuXin_Zhang_CHN14244.jpg
明确确定,CHN14245,Nan Jiang 江楠,https://isst-website.oss-cn-beijing.aliyuncs.com/therapists/Nan_Jiang_CHN14245.jpg
明确确定,CHN14247,Jungang Feng 冯俊钢,https://isst-website.oss-cn-beijing.aliyuncs.com/therapists/Jungang_Feng_CHN14247.jpg
明确确定,CHN14248,Zhude Liu 刘铸德,https://isst-website.oss-cn-beijing.aliyuncs.com/therapists/Zhude_Liu_CHN14248.jpg
明确确定,CHN14249,Zhen Quan 全震,https://isst-website.oss-cn-beijing.aliyuncs.com/therapists/Zhen_Quan_CHN14249.jpg
明确确定,CHN14250,Jinhua Zhai 翟金华,https://isst-website.oss-cn-beijing.aliyuncs.com/therapists/Jinhua_Zhai_CHN14250.jpg
明确确定,CHN14251,Qinfeng Wu 吴勤峰,https://isst-website.oss-cn-beijing.aliyuncs.com/therapists/Qinfeng_Wu_CHN14251.jpg
明确确定,CHN14252,Jiahuan Wu 吴佳欢,https://isst-website.oss-cn-beijing.aliyuncs.com/therapists/Jiahuan_Wu_CHN14252.jpg
明确确定,CHN14253,Chaoyang Duan 段朝阳,https://isst-website.oss-cn-beijing.aliyuncs.com/therapists/Chaoyang_Duan_CHN14253.jpg
明确确定,CHN14254,Ze Li 李泽,https://isst-website.oss-cn-beijing.aliyuncs.com/therapists/Ze_Li_CHN14254.jpg
明确确定,CHN14255,Jinbo Chen 陈锦博,https://isst-website.oss-cn-beijing.aliyuncs.com/therapists/Jinbo_Chen_CHN14255.jpg
明确确定,CHN14257,Mingyue Tan 谭茗月,https://isst-website.oss-cn-beijing.aliyuncs.com/therapists/Mingyue_Tan_CHN14257.jpg
明确确定,CHN14258,Ruiyun Zhao 赵瑞云,https://isst-website.oss-cn-beijing.aliyuncs.com/therapists/Ruiyun_Zhao_CHN14258.jpg
明确确定,CHN14259,Yan Wang 王艳,https://isst-website.oss-cn-beijing.aliyuncs.com/therapists/Yan_Wang_CHN14259.jpg
明确确定,CHN14260,Xuguang Liu 刘叙光,https://isst-website.oss-cn-beijing.aliyuncs.com/therapists/Xuguang_Liu_CHN14260.jpg
明确确定,CHN14261,Zheng Yuan 袁正,https://isst-website.oss-cn-beijing.aliyuncs.com/therapists/Zheng_Yuan_CHN14261.jpg
明确确定,CHN14262,Xu Gao 高旭,https://isst-website.oss-cn-beijing.aliyuncs.com/therapists/Xu_Gao_CHN14262.jpg
明确确定,CHN14263,Lei Yue 岳雷,https://isst-website.oss-cn-beijing.aliyuncs.com/therapists/Lei_Yue_CHN14263.jpg
明确确定,CHN14474,Haili Ai,https://isst-website.oss-cn-beijing.aliyuncs.com/therapists/Haili_Ai_CHN14474.jpg
明确确定,CHN14476,Shuxin Zhang,https://isst-website.oss-cn-beijing.aliyuncs.com/therapists/Shuxin_Zhang_CHN14476.jpg
明确确定,CHN14478,Miaoxiu Li,https://isst-website.oss-cn-beijing.aliyuncs.com/therapists/Miaoxiu_Li_CHN14478.jpg
明确确定,CHN14480,Xu Jin,https://isst-website.oss-cn-beijing.aliyuncs.com/therapists/Xu_Jin_CHN14480.jpg
明确确定,CHN14482,Ying Wu,https://isst-website.oss-cn-beijing.aliyuncs.com/therapists/Ying_Wu_CHN14482.jpg
明确确定,CHN14484,Chunlei Zhu,https://isst-website.oss-cn-beijing.aliyuncs.com/therapists/Chunlei_Zhu_CHN14484.jpg
明确确定,CHN14486,Dandan Yang,https://isst-website.oss-cn-beijing.aliyuncs.com/therapists/Dandan_Yang_CHN14486.jpg
明确确定,CHN14488,Shitian Liu,https://isst-website.oss-cn-beijing.aliyuncs.com/therapists/Shitian_Liu_CHN14488.jpg
明确确定,CHN14490,Shugeng Chen,https://isst-website.oss-cn-beijing.aliyuncs.com/therapists/Shugeng_Chen_CHN14490.jpg
明确确定,CHN14492,Mingjian Xu,https://isst-website.oss-cn-beijing.aliyuncs.com/therapists/Mingjian_Xu_CHN14492.jpg
明确确定,CHN15081,Weilong Li 李伟龙,https://isst-website.oss-cn-beijing.aliyuncs.com/therapists/Weilong_Li_CHN15081.jpg
明确确定,CHN15082,Xiao Feng 冯骁,https://isst-website.oss-cn-beijing.aliyuncs.com/therapists/Xiao_Feng_CHN15082.jpg
明确确定,CHN15083,Xiyao Liu 刘茜瑶,https://isst-website.oss-cn-beijing.aliyuncs.com/therapists/Xiyao_Liu_CHN15083.jpg
明确确定,CHN15084,Xin Zhao 赵鑫,https://isst-website.oss-cn-beijing.aliyuncs.com/therapists/Xin_Zhao_CHN15084.jpg
明确确定,CHN15085,Xinwen Liang 梁馨文,https://isst-website.oss-cn-beijing.aliyuncs.com/therapists/Xinwen_Liang_CHN15085.jpg
明确确定,CHN15086,Ying Zhang 张颖,https://isst-website.oss-cn-beijing.aliyuncs.com/therapists/Ying_Zhang_CHN15086.jpg
明确确定,CHN15087,Wenqing Hu 胡文清,https://isst-website.oss-cn-beijing.aliyuncs.com/therapists/Wenqing_Hu_CHN15087.jpg
明确确定,CHN15088,Mei Han 韩美,https://isst-website.oss-cn-beijing.aliyuncs.com/therapists/Mei_Han_CHN15088.jpg
明确确定,CHN15089,Jie Liu 刘杰,https://isst-website.oss-cn-beijing.aliyuncs.com/therapists/Jie_Liu_CHN15089.jpg
明确确定,CHN15090,Huating Deng 邓华霆,https://isst-website.oss-cn-beijing.aliyuncs.com/therapists/Huating_Deng_CHN15090.jpg
明确确定,CHN15091,Huirong Yuan 原慧蓉,https://isst-website.oss-cn-beijing.aliyuncs.com/therapists/Huirong_Yuan_CHN15091.jpg
明确确定,CHN15092,Qiaoping Tang 唐巧萍,https://isst-website.oss-cn-beijing.aliyuncs.com/therapists/Qiaoping_Tang_CHN15092.jpg
明确确定,CHN15093,Xiaoqiang Zhou 周晓强,https://isst-website.oss-cn-beijing.aliyuncs.com/therapists/Xiaoqiang_Zhou_CHN15093.jpg
明确确定,CHN15094,Liangbo Du 杜良波,https://isst-website.oss-cn-beijing.aliyuncs.com/therapists/Liangbo_Du_CHN15094.jpg
明确确定,CHN15095,Wenya Luo 罗文雅,https://isst-website.oss-cn-beijing.aliyuncs.com/therapists/Wenya_Luo_CHN15095.jpg
明确确定,CHN15096,Chuanwei Lu 卢传伟,https://isst-website.oss-cn-beijing.aliyuncs.com/therapists/Chuanwei_Lu_CHN15096.jpg
明确确定,CHN15098,Wei Guo 郭巍,https://isst-website.oss-cn-beijing.aliyuncs.com/therapists/Wei_Guo_CHN15098.jpg
明确确定,CHN15102,Rui Wang 汪锐,https://isst-website.oss-cn-beijing.aliyuncs.com/therapists/Rui_Wang_CHN15102.jpg
明确确定,CHN15103,Kun Han 韩坤,https://isst-website.oss-cn-beijing.aliyuncs.com/therapists/Kun_Han_CHN15103.jpg
明确确定,CHN15104,Taojie Jin 金涛杰,https://isst-website.oss-cn-beijing.aliyuncs.com/therapists/Taojie_Jin_CHN15104.jpg
明确确定,CHN15105,Yichuan Tang 汤一川,https://isst-website.oss-cn-beijing.aliyuncs.com/therapists/Yichuan_Tang_CHN15105.jpg
明确确定,CHN15106,Huilan Tang 唐惠兰,https://isst-website.oss-cn-beijing.aliyuncs.com/therapists/Huilan_Tang_CHN15106.jpg
明确确定,CHN15107,Yi Zhao 赵毅,https://isst-website.oss-cn-beijing.aliyuncs.com/therapists/Yi_Zhao_CHN15107.jpg
明确确定,CHN15109,Gumeng Ye 叶谷萌,https://isst-website.oss-cn-beijing.aliyuncs.com/therapists/Gumeng_Ye_CHN15109.jpg
明确确定,CHN15110,Fan Shen 沈凡,https://isst-website.oss-cn-beijing.aliyuncs.com/therapists/Fan_Shen_CHN15110.jpg
明确确定,CHN15111,Chang Wang 王畅,https://isst-website.oss-cn-beijing.aliyuncs.com/therapists/Chang_Wang_CHN15111.jpg
明确确定,CHN15147,Hanzhi Feng 冯涵之,https://isst-website.oss-cn-beijing.aliyuncs.com/therapists/Hanzhi_Feng_CHN15147.jpg
明确确定,CHN15148,Shuai Ma 马帅,https://isst-website.oss-cn-beijing.aliyuncs.com/therapists/Shuai_Ma_CHN15148.jpg
明确确定,CHN15218,"Charlene Yunli Fan, PT, PhD, BSc",https://isst-website.oss-cn-beijing.aliyuncs.com/therapists/Charlene_Yunli_Fan_CHN15218.jpg
明确确定,CHN15481,Chan Kei Lam,https://isst-website.oss-cn-beijing.aliyuncs.com/therapists/Chan_Kei_Lam_CHN15481.jpg
明确确定,CHN15743,Zhiyong Hu 胡志勇,https://isst-website.oss-cn-beijing.aliyuncs.com/therapists/Zhiyong_Hu_CHN15743.jpg
明确确定,CHN15745,Xi Rong 宋茜,https://isst-website.oss-cn-beijing.aliyuncs.com/therapists/Xi_Rong_CHN15745.jpg
明确确定,CHN15747,Yang Lin 林扬,https://isst-website.oss-cn-beijing.aliyuncs.com/therapists/Yang_Lin_CHN15747.jpg
明确确定,CHN15748,Hailan Li 黎海兰,https://isst-website.oss-cn-beijing.aliyuncs.com/therapists/Hailan_Li_CHN15748.jpg
明确确定,CHN15749,Yuqing Han 韩雨晴,https://isst-website.oss-cn-beijing.aliyuncs.com/therapists/Yuqing_Han_CHN15749.jpg
明确确定,CHN15750,Hui Fang 方惠,https://isst-website.oss-cn-beijing.aliyuncs.com/therapists/Hui_Fang_CHN15750.jpg
明确确定,CHN16099,Zhenwei Zhang 张真维,https://isst-website.oss-cn-beijing.aliyuncs.com/therapists/Zhenwei_Zhang_CHN16099.jpg
明确确定,CHN16100,Shunfeng Pang 庞舜风,https://isst-website.oss-cn-beijing.aliyuncs.com/therapists/Shunfeng_Pang_CHN16100.jpg
明确确定,CHN16101,Yuling Li 李宇凌,https://isst-website.oss-cn-beijing.aliyuncs.com/therapists/Yuling_Li_CHN16101.jpg
明确确定,CHN16102,Shihui Wang 王世辉,https://isst-website.oss-cn-beijing.aliyuncs.com/therapists/Shihui_Wang_CHN16102.jpg
明确确定,CHN16103,Jianjun Ma 马建军,https://isst-website.oss-cn-beijing.aliyuncs.com/therapists/Jianjun_Ma_CHN16103.jpg
明确确定,CHN16104,Yubing Gong 巩玉冰,https://isst-website.oss-cn-beijing.aliyuncs.com/therapists/Yubing_Gong_CHN16104.jpg
明确确定,CHN16105,Changzhi Yu 于长志,https://isst-website.oss-cn-beijing.aliyuncs.com/therapists/Changzhi_Yu_CHN16105.jpg
明确确定,CHN16106,Jiaqi Xue 薛佳奇,https://isst-website.oss-cn-beijing.aliyuncs.com/therapists/Jiaqi_Xue_CHN16106.jpg
明确确定,CHN16107,Hang Cheong Chan 陳亨昌,https://isst-website.oss-cn-beijing.aliyuncs.com/therapists/Hang_Cheong_Chan_CHN16107.jpg
明确确定,CHN16108,Xinya Guo 郭馨雅,https://isst-website.oss-cn-beijing.aliyuncs.com/therapists/Xinya_Guo_CHN16108.jpg
明确确定,CHN16109,Huiping He 何慧平,https://isst-website.oss-cn-beijing.aliyuncs.com/therapists/Huiping_He_CHN16109.jpg
明确确定,CHN16110,Jia Liu 刘佳,https://isst-website.oss-cn-beijing.aliyuncs.com/therapists/Jia_Liu_CHN16110.jpg
明确确定,CHN16111,Fengshuo Guo 郭丰硕,https://isst-website.oss-cn-beijing.aliyuncs.com/therapists/Fengshuo_Guo_CHN16111.jpg
明确确定,CHN16112,Zhiqian Zhou 周治乾,https://isst-website.oss-cn-beijing.aliyuncs.com/therapists/Zhiqian_Zhou_CHN16112.jpg
明确确定,CHN16113,Wei Zhu 祝威,https://isst-website.oss-cn-beijing.aliyuncs.com/therapists/Wei_Zhu_CHN16113.jpg
明确确定,CHN16875,Xiulan Zhang 张秀兰,https://isst-website.oss-cn-beijing.aliyuncs.com/therapists/Xiulan_Zhang_CHN16875.jpg
明确确定,CHN16876,Shun Zhang 张顺,https://isst-website.oss-cn-beijing.aliyuncs.com/therapists/Shun_Zhang_CHN16876.jpg
明确确定,CHN16877,Dongqin Chen 陈东琴,https://isst-website.oss-cn-beijing.aliyuncs.com/therapists/Dongqin_Chen_CHN16877.jpg
明确确定,CHN16878,Chuting Wang 王楚婷,https://isst-website.oss-cn-beijing.aliyuncs.com/therapists/Chuting_Wang_CHN16878.jpg
明确确定,CHN16879,Muchun Yu 余木春,https://isst-website.oss-cn-beijing.aliyuncs.com/therapists/Muchun_Yu_CHN16879.jpg
明确确定,CHN16880,Yuanyan Peng 彭远艳,https://isst-website.oss-cn-beijing.aliyuncs.com/therapists/Yuanyan_Peng_CHN16880.jpg
明确确定,CHN16881,Chenxi Wang 王晨曦,https://isst-website.oss-cn-beijing.aliyuncs.com/therapists/Chenxi_Wang_CHN16881.jpg
明确确定,CHN16883,Haifeng Yang 杨海凤,https://isst-website.oss-cn-beijing.aliyuncs.com/therapists/Haifeng_Yang_CHN16883.jpg
明确确定,CHN16884,Baoyu Yuan 苑宝雨,https://isst-website.oss-cn-beijing.aliyuncs.com/therapists/Baoyu_Yuan_CHN16884.jpg
明确确定,CHN16885,Fei Yu 鱼飞,https://isst-website.oss-cn-beijing.aliyuncs.com/therapists/Fei_Yu_CHN16885.jpg
明确确定,CHN16886,Zeqin Li 李泽芹,https://isst-website.oss-cn-beijing.aliyuncs.com/therapists/Zeqin_Li_CHN16886.jpg
明确确定,CHN16887,Qian Liu 刘倩,https://isst-website.oss-cn-beijing.aliyuncs.com/therapists/Qian_Liu_CHN16887.jpg
明确确定,CHN17203,Pingping Qin 覃萍萍,https://isst-website.oss-cn-beijing.aliyuncs.com/therapists/Pingping_Qin_CHN17203.jpg
明确确定,CHN17205,Xin Yu 喻新,https://isst-website.oss-cn-beijing.aliyuncs.com/therapists/Xin_Yu_CHN17205.jpg
明确确定,CHN17207,Jinghua Du 杜京桦,https://isst-website.oss-cn-beijing.aliyuncs.com/therapists/Jinghua_Du_CHN17207.jpg
明确确定,CHN17208,Haohao Hu 胡浩浩,https://isst-website.oss-cn-beijing.aliyuncs.com/therapists/Haohao_Hu_CHN17208.jpg
明确确定,CHN17210,Yu Liu 刘雨,https://isst-website.oss-cn-beijing.aliyuncs.com/therapists/Yu_Liu_CHN17210.jpg
明确确定,CHN17211,Shutong Xie 解树彤,https://isst-website.oss-cn-beijing.aliyuncs.com/therapists/Shutong_Xie_CHN17211.jpg
明确确定,CHN17212,Chunping Yan 颜春平,https://isst-website.oss-cn-beijing.aliyuncs.com/therapists/Chunping_Yan_CHN17212.jpg
明确确定,CHN17213,Xiangji Zhang 张祥吉,https://isst-website.oss-cn-beijing.aliyuncs.com/therapists/Xiangji_Zhang_CHN17213.jpg
明确确定,CHN17214,Yiqing Zhao 赵艺晴,https://isst-website.oss-cn-beijing.aliyuncs.com/therapists/Yiqing_Zhao_CHN17214.jpg
明确确定,CHN17250,Shang Yuan 袁尚,https://isst-website.oss-cn-beijing.aliyuncs.com/therapists/Shang_Yuan_CHN17250.jpg
明确确定,HKG11437,"Choi Yuen Ting Karen, PT",https://isst-website.oss-cn-beijing.aliyuncs.com/therapists/Choi_Yuen_Ting_Karen_HKG11437.jpg
明确确定,HKG11470,Babak Hassan Beygi,https://isst-website.oss-cn-beijing.aliyuncs.com/therapists/Babak_Hassan_Beygi_HKG11470.jpg
明确确定,HKG11484,Arnold Yu Lok Wong,https://isst-website.oss-cn-beijing.aliyuncs.com/therapists/Arnold_Yu_Lok_Wong_HKG11484.jpg
明确确定,HKG11489,"Carmen, Yeung Ka Man",https://isst-website.oss-cn-beijing.aliyuncs.com/therapists/Carmen_Yeung_Ka_Man_HKG11489.jpg
明确确定,HKG11498,"Lui Mei Hang, Veronica",https://isst-website.oss-cn-beijing.aliyuncs.com/therapists/Lui_Mei_Hang_Veronica_HKG11498.jpg
明确确定,HKG11501,"Milan, Leung So Mei",https://isst-website.oss-cn-beijing.aliyuncs.com/therapists/Milan_Leung_So_Mei_HKG11501.jpg
明确确定,HKG11505,Lee Sze Ming Veronica,https://isst-website.oss-cn-beijing.aliyuncs.com/therapists/Lee_Sze_Ming_Veronica_HKG11505.jpg
明确确定,HKG11510,"Heyman, Chan Hei Man",https://isst-website.oss-cn-beijing.aliyuncs.com/therapists/Heyman_Chan_Hei_Man_HKG11510.jpg
明确确定,HKG13137,Guangshuo Li,https://isst-website.oss-cn-beijing.aliyuncs.com/therapists/Guangshuo_Li_HKG13137.jpg
明确确定,HKG13243,Chan Lok Man,https://isst-website.oss-cn-beijing.aliyuncs.com/therapists/Chan_Lok_Man_HKG13243.jpg
明确确定,HKG14694,Ho Ching Hui,https://isst-website.oss-cn-beijing.aliyuncs.com/therapists/Ho_Ching_Hui_HKG14694.jpg
明确确定,HKG14698,Tek Kio Lau,https://isst-website.oss-cn-beijing.aliyuncs.com/therapists/Tek_Kio_Lau_HKG14698.jpg
明确确定,HKG14701,Man Wai Ng,https://isst-website.oss-cn-beijing.aliyuncs.com/therapists/Man_Wai_Ng_HKG14701.jpg
明确确定,HKG14706,King Sheung Yip,https://isst-website.oss-cn-beijing.aliyuncs.com/therapists/King_Sheung_Yip_HKG14706.jpg
明确确定,HKG14710,Kawaie Man Lai Chui,https://isst-website.oss-cn-beijing.aliyuncs.com/therapists/Kawaie_Man_Lai_Chui_HKG14710.jpg
明确确定,HKG14711,Man Tin Ho,https://isst-website.oss-cn-beijing.aliyuncs.com/therapists/Man_Tin_Ho_HKG14711.jpg
明确确定,HKG14715,Wing Yi Lee,https://isst-website.oss-cn-beijing.aliyuncs.com/therapists/Wing_Yi_Lee_HKG14715.jpg
明确确定,HKG14716,Holly King Ho Leung,https://isst-website.oss-cn-beijing.aliyuncs.com/therapists/Holly_King_Ho_Leung_HKG14716.jpg
明确确定,HKG14718,Gary Ka Wai Ng,https://isst-website.oss-cn-beijing.aliyuncs.com/therapists/Gary_Ka_Wai_Ng_HKG14718.jpg
明确确定,HKG14719,Wendy Wan Ting Shum,https://isst-website.oss-cn-beijing.aliyuncs.com/therapists/Wendy_Wan_Ting_Shum_HKG14719.jpg
明确确定,HKG14720,Wing Yan Tam,https://isst-website.oss-cn-beijing.aliyuncs.com/therapists/Wing_Yan_Tam_HKG14720.jpg
明确确定,HKG14721,Man Hin Wong,https://isst-website.oss-cn-beijing.aliyuncs.com/therapists/Man_Hin_Wong_HKG14721.jpg
明确确定,HKG14722,Yu Ho Wong,https://isst-website.oss-cn-beijing.aliyuncs.com/therapists/Yu_Ho_Wong_HKG14722.jpg
明确确定,HKG14723,Hoi Ho Yang,https://isst-website.oss-cn-beijing.aliyuncs.com/therapists/Hoi_Ho_Yang_HKG14723.jpg
明确确定,HKG14748,Leung Nga Ming,https://isst-website.oss-cn-beijing.aliyuncs.com/therapists/Leung_Nga_Ming_HKG14748.jpg
明确确定,HKG15470,Sweta Boghra,https://isst-website.oss-cn-beijing.aliyuncs.com/therapists/Sweta_Boghra_HKG15470.jpg
明确确定,HKG15479,Bonnie Tingting Ung,https://isst-website.oss-cn-beijing.aliyuncs.com/therapists/Bonnie_Tingting_Ung_HKG15479.jpg
明确确定,HKG15483,Ho Ka Wai,https://isst-website.oss-cn-beijing.aliyuncs.com/therapists/Ho_Ka_Wai_HKG15483.jpg
明确确定,HKG15746,Pik Kei Tsang 曾璧淇,https://isst-website.oss-cn-beijing.aliyuncs.com/therapists/Pik_Kei_Tsang_HKG15746.jpg
明确确定,HKG16734,Lok Yi Chan,https://isst-website.oss-cn-beijing.aliyuncs.com/therapists/Lok_Yi_Chan_HKG16734.jpg
明确确定,HKG16737,Ho Kwan Chan,https://isst-website.oss-cn-beijing.aliyuncs.com/therapists/Ho_Kwan_Chan_HKG16737.jpg
明确确定,HKG16738,Ka Chung Fu,https://isst-website.oss-cn-beijing.aliyuncs.com/therapists/Ka_Chung_Fu_HKG16738.jpg
明确确定,HKG16739,Wing Yee Chow,https://isst-website.oss-cn-beijing.aliyuncs.com/therapists/Wing_Yee_Chow_HKG16739.jpg
明确确定,HKG16741,Cheong Wa Lau,https://isst-website.oss-cn-beijing.aliyuncs.com/therapists/Cheong_Wa_Lau_HKG16741.jpg
明确确定,HKG16742,Oy Yee Joyce Ma,https://isst-website.oss-cn-beijing.aliyuncs.com/therapists/Oy_Yee_Joyce_Ma_HKG16742.jpg
明确确定,HKG16743,Ka Hin Albert Chan,https://isst-website.oss-cn-beijing.aliyuncs.com/therapists/Ka_Hin_Albert_Chan_HKG16743.jpg
明确确定,HKG16744,Sze Ting Fu,https://isst-website.oss-cn-beijing.aliyuncs.com/therapists/Sze_Ting_Fu_HKG16744.jpg
明确确定,HKG16746,Yeuk Ying Wai,https://isst-website.oss-cn-beijing.aliyuncs.com/therapists/Yeuk_Ying_Wai_HKG16746.jpg
明确确定,HKG16747,Wai Yan Chan,https://isst-website.oss-cn-beijing.aliyuncs.com/therapists/Wai_Yan_Chan_HKG16747.jpg
明确确定,HKG16748,Wing Lam Leung,https://isst-website.oss-cn-beijing.aliyuncs.com/therapists/Wing_Lam_Leung_HKG16748.jpg
明确确定,HKG16749,King Fung Tso,https://isst-website.oss-cn-beijing.aliyuncs.com/therapists/King_Fung_Tso_HKG16749.jpg
明确确定,HKG16750,Yi Tung Edwina So,https://isst-website.oss-cn-beijing.aliyuncs.com/therapists/Yi_Tung_Edwina_So_HKG16750.jpg
明确确定,HKG16753,Tsz Ching Chong,https://isst-website.oss-cn-beijing.aliyuncs.com/therapists/Tsz_Ching_Chong_HKG16753.jpg
明确确定,HKG16754,Wai Shan Ho,https://isst-website.oss-cn-beijing.aliyuncs.com/therapists/Wai_Shan_Ho_HKG16754.jpg
明确确定,HKG16755,So Han Wan,https://isst-website.oss-cn-beijing.aliyuncs.com/therapists/So_Han_Wan_HKG16755.jpg
明确确定,HKG16756,Mei Ching Mimi Liang,https://isst-website.oss-cn-beijing.aliyuncs.com/therapists/Mei_Ching_Mimi_Liang_HKG16756.jpg
明确确定,HKG16757,Ka Hei Chu,https://isst-website.oss-cn-beijing.aliyuncs.com/therapists/Ka_Hei_Chu_HKG16757.jpg
明确确定,HKG16759,Chun Ngai Ng,https://isst-website.oss-cn-beijing.aliyuncs.com/therapists/Chun_Ngai_Ng_HKG16759.jpg
明确确定,HKG16760,Wing Sze Tang,https://isst-website.oss-cn-beijing.aliyuncs.com/therapists/Wing_Sze_Tang_HKG16760.jpg
明确确定,HKG16761,Pui Sze Rit Liu,https://isst-website.oss-cn-beijing.aliyuncs.com/therapists/Pui_Sze_Rit_Liu_HKG16761.jpg
明确确定,HKG16762,King Fai Wong,https://isst-website.oss-cn-beijing.aliyuncs.com/therapists/King_Fai_Wong_HKG16762.jpg
明确确定,HKG16764,Man Ching Ngan,https://isst-website.oss-cn-beijing.aliyuncs.com/therapists/Man_Ching_Ngan_HKG16764.jpg
明确确定,HKG16766,Pak Yeung Addison Ku,https://isst-website.oss-cn-beijing.aliyuncs.com/therapists/Pak_Yeung_Addison_Ku_HKG16766.jpg
明确确定,TWN15484,Yu-Chuan Yang 楊祐銓,https://isst-website.oss-cn-beijing.aliyuncs.com/therapists/Yu-Chuan_Yang_TWN15484.jpg
明确确定,TWN15485,Niyun Hsieh,https://isst-website.oss-cn-beijing.aliyuncs.com/therapists/Niyun_Hsieh_TWN15485.jpg
明确确定,TWN15488,Mei Chi Hsieh,https://isst-website.oss-cn-beijing.aliyuncs.com/therapists/Mei_Chi_Hsieh_TWN15488.jpg
明确确定,TWN15491,Lin Hsuan Yu,https://isst-website.oss-cn-beijing.aliyuncs.com/therapists/Lin_Hsuan_Yu_TWN15491.jpg
明确确定,TWN15492,"Jia-ling, Lee",https://isst-website.oss-cn-beijing.aliyuncs.com/therapists/Jia-ling_Lee_TWN15492.jpg
没有头像,CHN10257,,
没有头像,CHN10260,Eric HK Yeung,
没有头像,CHN13172,Guohang Huang,
没有头像,CHN13241,Luo Re Pi,
没有头像,CHN13411,Yun Wang 王芸,
没有头像,CHN13412,Yongxin Wang王永鑫,
没有头像,CHN13413,Dongyang Han  韩冬阳,
没有头像,CHN13414,Zhi Gong  龚之,
没有头像,CHN13415,Ruidong Qin  秦瑞东,
没有头像,CHN13416,Jinfeng Xie 谢金峰,
没有头像,CHN13417,Mancang Zhang 张满仓,
没有头像,CHN13418,Chensheng Lv 吕晨生,
没有头像,CHN13419,Yinglin Chang 常颖琳,
没有头像,CHN13420,Dan Yu 余丹,
没有头像,CHN13736,张倩 ZHANG Qian,
没有头像,CHN13737,张宁 ZHANG Ning,
没有头像,CHN13738,张溢杉 ZHANG Yishan,
没有头像,CHN13739,安子琪 AN Ziqi,
没有头像,CHN13740,姜庆柔 JIANG Qingrou,
没有头像,CHN13741,高行 GAO Xing,
没有头像,CHN13743,努娜 NU Na,
没有头像,CHN13744,任峻 REN Jun,
没有头像,CHN13745,赵雨亭 ZHAO Yuting,
没有头像,CHN13747,孙慧 SUN Hui,
没有头像,CHN13748,李广欣 LI Guangxin,
没有头像,CHN14290,Guo Long Tao 陶国龙,
没有头像,CHN16869,Xinyu Wang,
没有头像,CHN16873,Duolikun Piluore,
没有头像,HKG11481,Stanley Lam Chi Shing,
没有头像,HKG11493,Dinisha Daswani,
没有头像,HKG11503,Sharon Sum-Yin Wong,
没有头像,HKG11507,Shum Siu Ling,
没有头像,HKG13160,Yiying Mai,
没有头像,HKG13162,Zou Liyuan,
没有头像,HKG13164,Wong Wai Keung,
没有头像,HKG13168,"Au, Ka Chai (Kat)",
没有头像,HKG13170,Wong Man Chun,
没有头像,HKG13171,Tong Chui Wa Florence,
没有头像,HKG13174,Poon Chi Kwong,
没有头像,HKG13176,Ren Lijuan,
没有头像,HKG13180,Cheung Yuk Wa (Catherine),
没有头像,HKG13182,Poon Ken Hei,
没有头像,HKG13183,Wong Ka Pik,
没有头像,HKG13247,Wong Chun Kit,
没有头像,HKG14693,Hon Po Chow,
没有头像,HKG14695,Wing Hei Hui,
没有头像,HKG14696,Chung Ling Lam,
没有头像,HKG14697,Tan Lam Lam,
没有头像,HKG14704,Po Yi Tam,
没有头像,HKG14709,Ming Lai Chan,
没有头像,HKG14712,Yi Ling Ho,
没有头像,HKG14714,Yun Pui Lam,
没有头像,HKG14731,Long Yiu Hui,
没有头像,HKG15012,Chan Su Ching Subrina,
没有头像,HKG16735,Kwok Fung Leung,
没有头像,HKG16736,Hiu Tung Lee,
没有头像,HKG16740,Tsz Yau Tiffany Cheung,
没有头像,HKG16745,Hang Yi Lo,
没有头像,HKG16751,Kin Long Chu,
没有头像,HKG16752,Lok Man Anson Lau,
没有头像,HKG16758,Ieng Tong Chan,
没有头像,HKG16763,Ka Pan Wan,
没有头像,HKG16765,An Ying Lam,
没有头像,HKG16870,Kit Chi Yeung,
没有头像,HKG16871,Siu Wah Mo,
没有头像,HKG16872,Lai Ping Koo,
没有头像,HKG17158,To Pui Ki Peggy,
没有头像,HKG17641,Lee Chun Yin Ervin,
没有头像,HKG17642,Chan Nim Chun,
